# Radar IA — estado.  url <TAB> leido|descartado <TAB> fecha
https://github.com/vllm-project/vllm/releases/tag/v0.25.0rc1	descartado	2026-07-20
https://github.com/vllm-project/vllm/releases/tag/v0.25.0rc2	descartado	2026-07-20
https://www.xataka.com/robotica-e-ia/cuando-ia-se-equivoca-nosotros-seguimos-confiando-estudio-revela-que-no-sabemos-decir-no-se	descartado	2026-07-21
https://www.xataka.com/robotica-e-ia/nvidia-ha-encontrado-forma-contener-consumo-centros-datos-ia-liquido-caliente-que-jacuzzi	descartado	2026-07-21
https://www.xataka.com/robotica-e-ia/ordenadores-tardaron-15-anos-mejorar-productividad-empresas-ia-puede-tardar-motivo-sabotaje	descartado	2026-07-21
https://www.xataka.com/robotica-e-ia/impresionante-elon-musk-se-rinde-modelo-abierto-ia-chino-kimi-k3-no-para	descartado	2026-07-21
https://www.xataka.com/energia/factura-luz-eeuu-habia-subido-culpa-centros-datos-que-se-viene-6-300-millones-tres-anos	descartado	2026-07-21
https://www.xataka.com/robotica-e-ia/gigantesco-qwen-3-8-otra-senal-inquietante-para-eeuu-su-ventaja-ia-esta-evaporandose	descartado	2026-07-21
http://www.microsiervos.com/archivo/ia/avances-pruebas-ia-inteligencia.html	descartado	2026-07-21
http://www.microsiervos.com/archivo/ia/reconstruccion-gol-perdido-pele-ia.html	descartado	2026-07-21
https://www.reddit.com/r/LocalLLaMA/comments/1v1k3pw/kimi_k3_just_fixed_15_critical_security_bugs_that/	descartado	2026-07-21
https://www.reddit.com/r/LocalLLaMA/comments/1v21j14/google_has_disappeared_completely_from_the_top_15/	descartado	2026-07-21
https://www.reddit.com/r/LocalLLaMA/comments/1v1xse3/american_ai_is_locked_down_and_proprietary_its/	descartado	2026-07-21
https://www.reddit.com/r/LocalLLaMA/comments/1v1j3ns/sources_parts_of_the_trump_administration_are/	descartado	2026-07-21
https://www.reddit.com/r/LocalLLaMA/comments/1v20g29/kimik3_isnt_quite_better_than_fable_yet_but_its/	descartado	2026-07-21
https://www.reddit.com/r/LocalLLaMA/comments/1v1ya97/i_ran_ternarybonsai27b_2bit_and_bonsai27b_1bit_on/	descartado	2026-07-21
https://www.reddit.com/r/LocalLLaMA/comments/1v1m264/openbmb_released_minicpm52b_not_yet_available_at/	descartado	2026-07-21
https://www.reddit.com/r/LocalLLaMA/comments/1v1no8e/543_toks_singlerequest_qwen3635ba3b_on_one_rtx/	descartado	2026-07-21
https://www.reddit.com/r/LocalLLaMA/comments/1v1tmyz/head_of_us_ai_safety_agency_resigns/	descartado	2026-07-21
https://www.reddit.com/r/LocalLLaMA/comments/1v1pume/running_a_13m_asr_conformer_on_a_microcontroller/	descartado	2026-07-21
https://www.reddit.com/r/LocalLLaMA/comments/1v275de/davidau_somehow_managed_to_improve_qwen_36_27b/	descartado	2026-07-21
https://www.reddit.com/r/LocalLLaMA/comments/1v1evsq/paper_xhc_expanded_hyperconnections_scale/	descartado	2026-07-21
https://github.com/vllm-project/vllm/releases/tag/v0.25.0rc3	descartado	2026-07-21
https://github.com/vllm-project/vllm/releases/tag/v0.25.0	descartado	2026-07-21
https://github.com/vllm-project/vllm/releases/tag/v0.25.1	descartado	2026-07-21
https://github.com/ollama/ollama/releases/tag/v0.31.2-rc2	descartado	2026-07-21
https://github.com/ollama/ollama/releases/tag/v0.31.2	descartado	2026-07-21
https://github.com/ollama/ollama/releases/tag/v0.32.0-rc0	descartado	2026-07-21
https://github.com/ollama/ollama/releases/tag/v0.32.0	descartado	2026-07-21
https://odra.dev/slopfix/	descartado	2026-07-21
https://noma.security/blog/gitlost-how-we-tricked-githubs-ai-agent-into-leaking-private-repos/	descartado	2026-07-21
https://microsoft.github.io/flint-chart/#/	descartado	2026-07-21
https://arstechnica.com/ai/2026/07/we-cannot-choose-to-become-idiots-the-ai-cheating-scandal-roiling-brown-university/	descartado	2026-07-21
https://www.alecscollon.com/blog/llm-burnout/	descartado	2026-07-21
https://thetruthasiseeitnow.com/ai-slop-starts-with-the-codebase-itself/	descartado	2026-07-21
https://www.pangram.com/blog/ai-in-your-feed	descartado	2026-07-21
https://ai-2040.com/	descartado	2026-07-21
https://nevo-project.epfl.ch/	descartado	2026-07-21
https://casp.ac/reports/ai-enabled-terrorism	descartado	2026-07-21
https://pluralistic.net/2025/09/11/vulgar-thatcherism/#there-is-an-alternative	descartado	2026-07-21
https://geohot.github.io//blog/jekyll/update/2026/07/11/ai-2040.html	descartado	2026-07-21
https://blog.yaelwrites.com/stop-telling-me-to-ask-an-llm/	descartado	2026-07-21
https://www.iroh.computer/blog/mesh-llm	descartado	2026-07-21
https://spectrum.ieee.org/ai-science-research-flattens-discovery	descartado	2026-07-21
https://ploy.ai/blog/migrating-a-production-ai-agent-to-gpt-5-6	descartado	2026-07-21
https://news.ycombinator.com/item?id=48886741	descartado	2026-07-21
https://neow.in/cWsyMTV3	descartado	2026-07-21
https://huggingface.co/blog/microsoft/foundry-managed-compute	descartado	2026-07-21
https://huggingface.co/blog/amazon/one-click-to-sagemaker-studio	descartado	2026-07-21
https://huggingface.co/blog/nvidia/open-data-for-agents	descartado	2026-07-21
https://huggingface.co/blog/torch-attention-profile	descartado	2026-07-21
https://simonwillison.net/2026/Jul/7/sqlite-utils/#atom-everything	descartado	2026-07-21
https://simonwillison.net/2026/Jul/7/github-code-component/#atom-everything	descartado	2026-07-21
https://simonwillison.net/2026/Jul/7/sqlite-migrate/#atom-everything	descartado	2026-07-21
https://simonwillison.net/2026/Jul/7/sqlite-utils-4/#atom-everything	descartado	2026-07-21
https://simonwillison.net/2026/Jul/8/kenton-varda/#atom-everything	descartado	2026-07-21
https://simonwillison.net/2026/Jul/8/introducing-gptlive/#atom-everything	descartado	2026-07-21
https://simonwillison.net/2026/Jul/8/rewriting-bun-in-rust/#atom-everything	descartado	2026-07-21
https://simonwillison.net/2026/Jul/9/llm/#atom-everything	descartado	2026-07-21
https://simonwillison.net/2026/Jul/9/llm-meta-ai/#atom-everything	descartado	2026-07-21
https://simonwillison.net/2026/Jul/9/muse-spark-1-1/#atom-everything	descartado	2026-07-21
https://simonwillison.net/2026/Jul/9/gpt-5-6/#atom-everything	descartado	2026-07-21
https://simonwillison.net/2026/Jul/10/openai/#atom-everything	descartado	2026-07-21
https://simonwillison.net/2026/Jul/10/nilay-patel/#atom-everything	descartado	2026-07-21
https://simonwillison.net/2026/Jul/11/sqlite-utils/#atom-everything	descartado	2026-07-21
https://simonwillison.net/2026/Jul/12/sqlite-utils/#atom-everything	descartado	2026-07-21
https://simonwillison.net/2026/Jul/12/bump/#atom-everything	descartado	2026-07-21
https://simonwillison.net/2026/Jul/12/shot-scraper/#atom-everything	descartado	2026-07-21
https://simonwillison.net/2026/Jul/12/directly-responsible-individuals/#atom-everything	descartado	2026-07-21
https://simonwillison.net/2026/Jul/13/datasette-code-frequency/#atom-everything	descartado	2026-07-21
https://simonwillison.net/2026/Jul/13/doomql/#atom-everything	descartado	2026-07-21
https://simonwillison.net/2026/Jul/14/uvx-github-actions-cache/#atom-everything	descartado	2026-07-21
https://www.reddit.com/r/LocalLLaMA/comments/1uvzsvn/why_does_preserve_thinking_flag_exist/	descartado	2026-07-21
https://www.reddit.com/r/LocalLLaMA/comments/1uv9o2u/studymodels_flint_compressing_reasoning_without/	descartado	2026-07-21
https://www.reddit.com/r/LocalLLaMA/comments/1uw214g/foss_notebooklm_connected_to/	descartado	2026-07-21
https://www.reddit.com/r/LocalLLaMA/comments/1uv88co/ovisocr2_a_promising_08b_local_document_parser/	descartado	2026-07-21
https://www.reddit.com/r/LocalLLaMA/comments/1uvdaq7/wandancer_a_hierarchical_framework_for/	descartado	2026-07-21
https://www.reddit.com/r/LocalLLaMA/comments/1uvwbb2/model_add_hy3_hy_v3_support_with_mtp_speculative/	descartado	2026-07-21
https://www.reddit.com/r/LocalLLaMA/comments/1uv7cf5/20gb_vram_64gb_ddr5_qwen36_35b_a3b_still_the_best/	descartado	2026-07-21
https://www.reddit.com/r/LocalLLaMA/comments/1uvtf7h/new_set_of_fp4_attention_kernels_for_b300/	descartado	2026-07-21
https://www.reddit.com/r/LocalLLaMA/comments/1uvlhii/mistral_community_feedback_survey/	descartado	2026-07-21
https://www.reddit.com/r/LocalLLaMA/comments/1uvlhxl/glm_52_running_on_macbook_pro_m5_48_gb_ram_at/	descartado	2026-07-21
https://www.reddit.com/r/LocalLLaMA/comments/1uvk1if/qwen3635ba3buncensoredgenesishermesv2gguf/	descartado	2026-07-21
https://www.reddit.com/r/LocalLLaMA/comments/1uv8orn/colibri_streaming_for_hy3_run_hy3_on_10gb_vram/	descartado	2026-07-21
https://www.reddit.com/r/LocalLLaMA/comments/1uvw2b3/why_arent_any_american_opensource_ai_labs_even/	descartado	2026-07-21
https://www.reddit.com/r/LocalLLaMA/comments/1uvll20/if_frontier_ai_is_so_dangerous_why_should_private/	descartado	2026-07-21
https://www.reddit.com/r/LocalLLaMA/comments/1uvwn9q/i_just_dont_get_it_these_big_tech_companies_can/	descartado	2026-07-21
https://www.reddit.com/r/LocalLLaMA/comments/1uvbgvx/zhipu_founder_backs_opensource_ai_as_global/	descartado	2026-07-21
https://www.reddit.com/r/LocalLLaMA/comments/1uvmon5/joined_the_dual_rtx_6000_club/	descartado	2026-07-21
https://www.reddit.com/r/LocalLLaMA/comments/1uvenf1/ft_companies_turn_to_chinese_open_weight_models/	descartado	2026-07-21
https://www.reddit.com/r/LocalLLaMA/comments/1uvq1i3/jwash_a_novel_way_to_brainwash_and_customize/	descartado	2026-07-21
https://www.reddit.com/r/LocalLLaMA/comments/1uvcjd0/i_benchmarked_15_ewaste_gpus_with_modern_workloads/	descartado	2026-07-21
http://www.microsiervos.com/archivo/ciencia/tomesphere-articulos-cientificos.html	descartado	2026-07-21
http://www.microsiervos.com/archivo/juegos-y-diversion/18-palabras-completar-letras.html	descartado	2026-07-21
http://www.microsiervos.com/archivo/espacio/murto-wally-funk-unica-mercury-13-espacio.html	descartado	2026-07-21
http://www.microsiervos.com/archivo/mundoreal/guerras-conflictos-historia-mapa-empires.html	descartado	2026-07-21
http://www.microsiervos.com/archivo/espacio/nombre-espacio-telecopio-hancy-grace-roman.html	descartado	2026-07-21
https://www.xataka.com/robotica-e-ia/gpt-5-6-probablemente-sea-mejor-modelo-ia-mundo-precisamente-eso-mayoria-no-necesita	descartado	2026-07-21
https://www.xataka.com/basics/gpt-5-6-novedades-todo-que-cambia-chatgpt-nueva-version-su-modelo-inteligencia-artificial	descartado	2026-07-21
https://www.xataka.com/robotica-e-ia/nuevos-grok-4-5-muse-spark-1-1-tienen-apuesta-rompedora-hacer-90-sus-rivales-al-20-su-precio	descartado	2026-07-21
https://www.xataka.com/robotica-e-ia/no-que-centro-datos-meta-consuma-mucha-poca-agua-que-esta-contaminandola	descartado	2026-07-21
https://www.xataka.com/robotica-e-ia/openai-queria-simplificar-sus-productos-ia-ha-terminado-ensalada-chatgpt-atlas-codex	descartado	2026-07-21
https://www.xataka.com/empresas-y-economia/historica-demanda-apple-a-openai-lol-tengo-acceso-mensaje-ingeniero-que-destapo-escandalo	descartado	2026-07-21
https://www.xataka.com/empresas-y-economia/ia-se-ha-convertido-coartada-perfecta-para-cualquier-cosa-a-empresas-les-sirve-para-recortar-como-para-expandirse	descartado	2026-07-21
https://www.xataka.com/basics/como-usar-chatgpt-whatsapp-vuelve-a-estar-disponible-union-europea	descartado	2026-07-21
https://www.reddit.com/r/LocalLLaMA/comments/1uvacno/production_qwen_3627b_vllm_config/	descartado	2026-07-21
https://www.reddit.com/r/LocalLLaMA/comments/1uvaqxp/mcp_is_bad/	descartado	2026-07-21
https://www.reddit.com/r/LocalLLaMA/comments/1uw4vg1/google_deepminds_demis_hassabis_calls_for_usled/	descartado	2026-07-21
https://www.xataka.com/empresas-y-economia/informacion-poder-microsoft-ha-llegado-a-conclusion-se-ha-cansado-regalarla-a-big-tech-ia	descartado	2026-07-21
https://twitter.com/demishassabis/status/2076957440109625718	descartado	2026-07-21
https://jacobfilipp.com/care/	descartado	2026-07-21
https://www.artfish.ai/p/offloading-thinking-to-ai	descartado	2026-07-21
https://www.bis.org/publ/bisbull120.pdf	descartado	2026-07-21
https://simonwillison.net/2026/Jul/14/datasette/#atom-everything	descartado	2026-07-21
https://simonwillison.net/2026/Jul/14/armin-ronacher/#atom-everything	descartado	2026-07-21
https://simonwillison.net/2026/Jul/14/lobsters-sqlite/#atom-everything	descartado	2026-07-21
https://simonwillison.net/2026/Jul/14/pedalican/#atom-everything	descartado	2026-07-21
https://simonwillison.net/2026/Jul/14/github-changeling/#atom-everything	descartado	2026-07-21
https://www.reddit.com/r/LocalLLaMA/comments/1uwk7qc/glm52int4int8_on_8_gb10_1200_ts_prefill_3354_ts/	descartado	2026-07-21
https://www.reddit.com/r/LocalLLaMA/comments/1uwjd45/mtp_decoding_patched_for_preampere_gpus/	descartado	2026-07-21
https://www.reddit.com/r/LocalLLaMA/comments/1uw7rm8/260707508_singlerollout_asynchronous_optimization/	descartado	2026-07-21
https://www.reddit.com/r/LocalLLaMA/comments/1uwq1ia/qwen_35_122b_heretic_rocmfp4_imatrix/	descartado	2026-07-21
https://www.reddit.com/r/LocalLLaMA/comments/1uwoemt/prismml_bonsai_27b_is_surprisingly_usable_on_the/	descartado	2026-07-21
https://www.reddit.com/r/LocalLLaMA/comments/1uwm7fx/me_oneshot_programming_is_useless_and_should_not/	descartado	2026-07-21
https://www.reddit.com/r/LocalLLaMA/comments/1uw7nak/nemotron3embed_1b8b/	descartado	2026-07-21
https://www.reddit.com/r/LocalLLaMA/comments/1uw7oys/i_rltrained_qwen3635ba3b_to_rltrain_small/	descartado	2026-07-21
https://www.reddit.com/r/LocalLLaMA/comments/1uwjlo4/can_we_get_a_not_base_model_flair/	descartado	2026-07-21
https://www.reddit.com/r/LocalLLaMA/comments/1uwhwt8/gemma431bantihal_gemma_steered_to_push_back_on/	descartado	2026-07-21
https://www.reddit.com/r/LocalLLaMA/comments/1uwnhlv/so_whats_the_consensus_on_1bit_models_is_it_still/	descartado	2026-07-21
https://www.reddit.com/r/LocalLLaMA/comments/1uw7iw2/using_local_computer_vision_to_perform_mouse/	descartado	2026-07-21
https://www.reddit.com/r/LocalLLaMA/comments/1uwcek4/kimi_k3_maybe_coming_very_soon/	descartado	2026-07-21
https://www.reddit.com/r/LocalLLaMA/comments/1uwqgqs/some_of_yall_wonder_why_anyone_would_self_host_ai/	descartado	2026-07-21
https://www.reddit.com/r/LocalLLaMA/comments/1uwbe7w/katcoderair_v25_open_model_soon/	descartado	2026-07-21
https://www.reddit.com/r/LocalLLaMA/comments/1uw9ucd/source_the_trump_administration_and_industry/	descartado	2026-07-21
https://www.reddit.com/r/LocalLLaMA/comments/1uwf1x4/prismml_bonsai_qwen_36_27b/	descartado	2026-07-21
https://www.reddit.com/r/LocalLLaMA/comments/1uwhukq/bonsai_27b_the_first_27bclass_model_to_run_on_a/	descartado	2026-07-21
https://www.reddit.com/r/LocalLLaMA/comments/1uwfva9/bonsai_27b_1bit_dense_llm_running_locally_in_your/	descartado	2026-07-21
https://www.reddit.com/r/LocalLLaMA/comments/1uwe542/kimi_k3_in_the_next_few_hours_deepseek_v4_ga/	descartado	2026-07-21
https://www.reddit.com/r/LocalLLaMA/comments/1uwbpmw/a_new_glm_model_incoming/	descartado	2026-07-21
http://www.microsiervos.com/archivo/espacio/soyuz-ms-29-tres-nuevos-tripulantes-etacion-espacial-internacional.html	descartado	2026-07-21
https://www.xataka.com/robotica-e-ia/nadie-apostaria-hoy-meta-carrera-superinteligencia-juega-ventaja-que-pensamos-para-ganarla	descartado	2026-07-21
https://www.xataka.com/robotica-e-ia/anthropic-asegura-haber-encontrado-consciencia-claude-datos-cuentan-otra-historia	descartado	2026-07-21
https://www.xataka.com/movilidad/madrid-va-a-abrir-tunel-que-vigila-trafico-ia-tiempo-real-asi-funcionara-nuevo-subterraneo-castellana	descartado	2026-07-21
https://github.com/ollama/ollama/releases/tag/v0.32.1-rc0	descartado	2026-07-21
https://github.com/ollama/ollama/releases/tag/v0.32.1	descartado	2026-07-21
https://huggingface.co/blog/real-world-voiceeq	descartado	2026-07-21
https://huggingface.co/blog/thinkingmachines-inkling	descartado	2026-07-21
